timestamp,atm_30,atm_7,atm_90,atm_180,BTC,rv_1,rv_7,rv_30,last_funding_rate,10delta_call_iv_7,10delta_put_iv_7,10delta_call_iv_30,10delta_put_iv_30,25delta_call_iv_7,25delta_put_iv_7,25delta_call_iv_30,25delta_put_iv_30
2024-01-01 08:00:00+00:00,62.97,58.684,59.342,60.815,42543.575,,,,0.00027213,61.1,67.13,68.15,67.77,57.85,59.07,66.07,64.92
2024-01-02 08:00:00+00:00,64.909,66.762,60.71,61.726,45822.229,0.50749410342593,,,0.00035179,74.94,72.53,71.22,68.66,72.07,70.13,67.65,65.14
2024-01-03 08:00:00+00:00,60.239,60.209,59.101,60.557,45121.355,0.36433924377790095,,,0.00017123,77.07,72.43,69.4,65.3,74.1,70.31,65.55,62.41
2024-01-04 08:00:00+00:00,63.181,68.815,60.547,61.996,42897.175,0.8835132273136919,,,0.0001,78.41,79.24,71.16,69.64,76.21,75.73,65.38,65.7
2024-01-05 08:00:00+00:00,66.067,79.922,60.915,62.585,43900.107,0.5111981631020865,,,0.0001,87.79,87.01,74.69,76.88,83.02,80.84,68.83,69.55
2024-01-06 08:00:00+00:00,66.166,77.724,61.303,62.982,43726.647,0.458382563795717,,,0.0001,90.19,96.05,78.63,79.69,83.55,86.27,71.24,72.32
2024-01-07 08:00:00+00:00,70.009,84.46,62.547,63.585,44078.963,0.21519696737632027,,,0.0001,96.15,102.23,83.67,84.42,93.53,95.42,77.03,76.16
2024-01-08 08:00:00+00:00,68.159,90.889,62.28,63.205,43911.396,0.3947404245640554,0.5227226329184413,,0.0001,100.83,123.24,79.52,92.57,96.31,109.86,73.22,78.25
2024-01-09 08:00:00+00:00,61.515,75.489,59.695,61.048,46587.216,0.680158864759515,0.5452611413933522,,0.0001,81.44,85.22,73.43,77.45,74.75,76.8,66.73,69.2
2024-01-10 08:00:00+00:00,61.978,76.678,59.534,60.78,45563.584,0.6469628095750082,0.5807661462081227,,0.0001,72.69,87.49,66.19,72.99,68.71,76.36,62.17,63.0
2024-01-11 08:00:00+00:00,58.694,60.375,59.267,61.992,46301.937,0.8782784730090906,0.5737659143674458,,0.0001,64.91,75.57,62.09,64.74,62.09,64.73,58.7,60.01
2024-01-12 08:00:00+00:00,53.448,53.147,55.0,57.647,45862.531,1.0310693205537054,0.6632403986037849,,0.0001,59.45,61.75,57.29,60.89,54.44,56.17,54.2,55.2
2024-01-13 08:00:00+00:00,52.076,50.898,53.549,57.165,43128.381,0.8529993391150362,0.7210553045236355,,0.0001,52.31,61.59,55.5,58.42,50.03,57.37,53.05,54.33
2024-01-14 08:00:00+00:00,52.988,51.754,54.179,57.097,42980.59,0.2744268447152839,0.7236437351383539,,0.0001,53.62,65.64,54.96,60.12,52.18,60.72,53.84,55.04
2024-01-15 08:00:00+00:00,52.99,56.614,54.033,57.257,42663.986,0.39602448528070444,0.723759192045183,,0.0001,55.77,72.53,58.22,60.03,54.7,61.14,53.92,55.65
2024-01-16 08:00:00+00:00,53.174,55.313,53.807,57.064,42949.448,0.4638294711098246,0.6931007569121755,,0.0001,56.87,63.54,57.27,59.23,53.48,58.55,53.66,54.81
2024-01-17 08:00:00+00:00,49.555,48.752,52.358,56.292,42677.42,0.4051177108501303,0.6671447852228297,,0.0001,49.5,57.39,53.18,55.37,48.5,53.89,50.38,51.78
2024-01-18 08:00:00+00:00,44.996,41.135,49.986,54.106,42704.535,0.25421190745021865,0.5886222518180046,,0.0001,47.38,52.54,49.19,50.39,44.14,46.3,46.94,47.34
2024-01-19 08:00:00+00:00,43.306,42.638,47.604,52.333,41296.879,0.4886561930580595,0.48354222102448924,,0.0001,44.72,53.02,46.9,50.66,43.41,50.87,45.9,47.28
2024-01-20 08:00:00+00:00,44.374,42.275,47.744,52.782,41548.086,0.6019735282819915,0.42229367638556464,,0.0001,44.38,51.13,46.6,50.22,42.77,47.6,45.02,46.71
2024-01-21 08:00:00+00:00,44.917,44.936,47.952,52.823,41640.133,0.11175153803020414,0.4120515322543265,,0.0001,48.14,53.33,46.96,50.85,46.76,50.9,45.1,45.87
2024-01-22 08:00:00+00:00,44.999,46.973,47.931,52.264,40914.46,0.30132692064402355,0.40126498793352006,,0.0001,51.05,59.39,47.68,51.08,49.38,54.57,46.17,47.29
2024-01-23 08:00:00+00:00,45.784,50.067,49.059,52.683,39529.049,0.5563135821893042,0.41821158585364765,,0.0001,49.96,56.76,49.9,57.4,49.56,54.28,47.61,50.03
2024-01-24 08:00:00+00:00,45.793,46.144,48.744,52.783,39944.951,0.5262134999476431,0.43745637455574965,,0.0001,47.2,54.78,47.92,53.95,44.93,49.5,45.22,48.86
2024-01-25 08:00:00+00:00,43.09,41.354,47.475,52.184,40074.306,0.3837869025512242,0.45042290276433633,,0.0001,44.37,48.98,45.69,49.08,42.14,45.89,43.5,45.56
2024-01-26 08:00:00+00:00,40.554,38.402,46.474,51.315,40116.114,0.2989385724815052,0.4252620543847263,,0.0001,40.21,49.01,43.0,48.57,40.14,46.68,41.62,43.86
2024-01-27 08:00:00+00:00,39.146,36.326,46.476,51.716,41498.136,0.5386068867499618,0.41663303129356966,,0.0001,38.76,41.2,42.19,43.22,38.11,39.23,39.68,40.75
2024-01-28 08:00:00+00:00,41.108,42.026,46.417,51.384,42479.781,0.2418324153679023,0.42541468190406106,,4.725e-05,47.83,45.64,44.33,45.76,44.6,43.05,43.63,42.54
2024-01-29 08:00:00+00:00,42.002,41.566,46.672,51.5,42127.455,0.2787771818883122,0.4225044727584161,,9.142e-05,45.29,47.58,45.89,45.51,42.75,44.24,43.3,42.52
2024-01-30 08:00:00+00:00,43.359,43.45,48.447,52.694,43371.494,0.47626401981715927,0.4049237285331746,,9.492e-05,48.71,45.93,47.15,45.77,44.19,43.42,44.27,43.39
2024-01-31 08:00:00+00:00,44.225,44.507,49.184,53.138,42977.347,0.2901884535531257,0.3719985285161038,0.524151245556955,0.0001,46.34,47.74,47.72,45.9,45.13,43.76,44.75,43.93
2024-02-01 08:00:00+00:00,42.157,39.824,48.238,52.666,42198.936,0.5041720689195072,0.3932569611804539,0.5214264615185914,0.0001,43.44,45.36,43.93,45.36,40.41,43.1,41.91,42.1
2024-02-02 08:00:00+00:00,41.023,36.911,47.089,52.239,42959.704,0.3647348063861509,0.40091061365130515,0.5215460456439954,0.0001,37.69,40.13,41.78,43.92,37.16,37.76,40.47,40.16
2024-02-03 08:00:00+00:00,39.522,34.051,46.747,51.794,43031.286,0.3566710034584535,0.3699303495487354,0.49985416571105723,9.042e-05,34.76,38.33,39.99,41.57,34.1,36.79,37.92,38.92
2024-02-04 08:00:00+00:00,39.289,35.809,46.604,50.975,42781.508,0.15362792753994575,0.36237981503956873,0.4919193869160173,8.846e-05,39.55,42.7,39.44,42.3,35.6,39.06,38.4,38.81
2024-02-05 08:00:00+00:00,39.752,38.174,46.503,51.839,43000.566,0.30226676200416985,0.3646759077578709,0.4880551587795529,0.0001,41.17,41.5,40.58,42.33,38.91,39.01,39.33,39.68
2024-02-06 08:00:00+00:00,39.334,35.856,46.442,51.645,43010.946,0.3981268118014297,0.34905219744359967,0.4916795071999478,6.723e-05,39.04,40.16,41.24,41.51,36.78,38.02,38.65,39.32
2024-02-07 08:00:00+00:00,38.883,33.646,45.957,50.851,42911.097,0.2545288141728465,0.3449824358898709,0.4887056383532472,5.373e-05,36.07,39.38,38.83,41.44,35.77,37.99,35.98,38.72
2024-02-08 08:00:00+00:00,41.355,37.115,47.409,51.415,44695.401,0.36545851921824196,0.3229023846766524,0.4768157752089275,6.535e-05,42.43,42.19,45.41,44.01,40.06,39.96,41.64,40.53
2024-02-09 08:00:00+00:00,43.724,40.822,48.612,53.218,46434.795,0.4427500043185885,0.33848524719231393,0.4698372801639248,0.0001,44.0,45.11,47.56,46.3,43.08,43.8,44.05,43.54
2024-02-10 08:00:00+00:00,43.803,38.454,50.858,55.624,47121.269,0.4361781796450528,0.35076181179625543,0.44959610534769967,0.0001,47.89,42.3,46.54,44.07,40.86,38.91,43.42,40.86
2024-02-11 08:00:00+00:00,47.363,44.932,53.305,56.953,48135.328,0.38182663060815253,0.37284358534085565,0.4158635249570589,0.0001,56.66,48.48,51.64,49.04,48.36,46.88,48.09,45.21
2024-02-12 08:00:00+00:00,48.399,47.562,54.467,57.597,48118.976,0.34077252585647916,0.37783270002020247,0.38897379279186123,0.0001,54.57,56.06,57.17,54.06,50.57,51.29,53.47,52.02
2024-02-13 08:00:00+00:00,51.848,51.095,57.014,59.279,50117.312,0.6590932001116147,0.42546754176187407,0.40425942867299225,0.0001,57.44,51.37,61.06,54.22,53.73,49.63,56.06,51.58
2024-02-14 08:00:00+00:00,49.279,46.095,55.947,58.827,50519.796,0.5321554711923113,0.4584880961597162,0.40913116083812856,0.0001,57.13,55.4,60.95,54.6,53.34,51.75,55.48,53.08
2024-02-15 08:00:00+00:00,53.22,50.484,58.998,61.239,51983.526,0.5859856662077904,0.4883226852340167,0.41442588882886233,0.0001,56.32,55.66,60.78,53.59,53.52,51.99,56.86,53.23
2024-02-16 08:00:00+00:00,52.668,49.298,58.643,60.65,51873.339,0.4642672979448619,0.49118778419299625,0.4163507564032962,0.0001,54.09,50.99,60.92,54.21,50.82,49.73,56.58,52.74
2024-02-17 08:00:00+00:00,52.731,47.557,59.239,61.112,51767.326,0.3055281123049768,0.47804498520971234,0.4174761014914769,0.0001,51.74,49.8,61.16,54.16,49.61,48.88,57.43,53.14
2024-02-18 08:00:00+00:00,53.194,49.925,59.946,61.61,51801.33,0.35639722002055185,0.47542658414730743,0.41218753866914926,0.00015305,55.78,55.06,62.31,54.68,52.98,50.87,57.15,53.88
2024-02-19 08:00:00+00:00,54.334,53.22,60.24,61.277,52107.3,0.29080500262096276,0.47059749663557116,0.40126324493833126,0.00019594,56.72,57.59,62.21,55.65,54.89,52.0,57.71,53.97
2024-02-20 08:00:00+00:00,54.528,52.411,60.811,62.092,51739.607,0.28484915463606275,0.41347622772050047,0.40410517151060954,0.00010912,57.24,57.11,61.37,56.57,54.17,52.52,57.59,54.92
2024-02-21 08:00:00+00:00,52.066,50.81,59.103,61.298,51653.326,0.5129974314216932,0.41016376749538885,0.41053397063744895,0.00011242,53.07,55.39,57.61,55.02,51.88,52.48,54.32,52.55
2024-02-22 08:00:00+00:00,53.855,51.943,60.117,61.7,51896.994,0.494034991542462,0.39112069274751826,0.40684109083923997,0.0001348,57.65,56.16,58.49,54.89,52.43,53.2,54.66,53.64
2024-02-23 08:00:00+00:00,51.288,48.581,59.04,61.436,50924.505,0.4202134804068336,0.38506585578358427,0.4033517701389933,0.0001,50.12,52.28,57.85,53.38,48.61,49.01,52.46,50.95
2024-02-24 08:00:00+00:00,50.314,45.708,58.683,60.819,50950.988,0.25432360573955615,0.37992964963102616,0.4000837336841282,0.0001,48.97,51.75,55.0,54.34,48.8,48.58,53.31,51.89
2024-02-25 08:00:00+00:00,53.223,49.311,58.587,61.299,51629.089,0.21324401388374548,0.3654752789863404,0.39830850547487606,0.00015012,55.47,52.63,59.56,55.63,51.54,51.63,54.65,53.97
2024-02-26 08:00:00+00:00,53.075,51.08,59.439,61.169,51296.084,0.17711334960381528,0.3552291615750589,0.38746490224197955,0.00021567,55.49,64.3,56.01,57.34,53.62,59.21,55.07,55.53
2024-02-27 08:00:00+00:00,55.619,57.677,61.879,62.526,56299.783,0.7285088041420272,0.45252723233991893,0.4108208217132042,0.00073521,63.76,62.7,61.91,59.1,61.27,59.14,58.85,57.48
2024-02-28 08:00:00+00:00,58.534,64.223,60.151,61.073,59364.681,0.69782965173124,0.4877719361800025,0.42732665468512143,0.00023682,76.06,64.36,68.17,64.77,70.54,64.8,66.48,60.4
2024-02-29 08:00:00+00:00,68.966,78.713,67.013,66.313,62855.263,0.9398399629624812,0.5723910260563988,0.45221275984852016,0.00076337,82.19,76.62,77.36,70.21,77.34,75.87,72.27,67.46
2024-03-01 08:00:00+00:00,61.54,61.624,63.28,63.961,62049.114,0.7241078525423792,0.6118640636184801,0.467616196324415,0.00064824,67.32,63.96,70.79,65.14,64.53,60.99,65.73,62.89
2024-03-02 08:00:00+00:00,62.713,58.95,64.61,65.385,62029.993,0.479831227416384,0.6303019469377182,0.4663693384606212,0.00057174,67.29,61.76,71.42,64.55,63.65,59.31,65.78,62.89
2024-03-03 08:00:00+00:00,66.765,66.15,67.249,66.249,61624.95,0.18778091603773162,0.6307877866662237,0.463185489007647,0.00042989,77.75,74.01,76.09,65.6,71.72,67.13,70.28,67.1
2024-03-04 08:00:00+00:00,77.013,85.035,72.802,69.869,65406.087,0.5204630677875088,0.6556535042813959,0.46922466936741675,0.00046833,91.06,84.77,86.3,75.11,79.72,80.89,77.15,72.28
2024-03-05 08:00:00+00:00,74.686,81.973,72.396,71.279,66831.123,0.7038247388461246,0.645251125430996,0.48485168515477056,0.00082969,88.84,77.27,84.37,75.64,82.57,76.16,77.84,71.92
2024-03-06 08:00:00+00:00,75.62,87.742,71.88,70.077,66956.025,1.8569275979371993,0.9070318321314577,0.5852342677987163,0.00033876,90.3,79.86,86.23,77.66,84.29,78.68,78.36,72.29
2024-03-07 08:00:00+00:00,68.023,70.036,68.128,67.577,66652.571,0.5490209496144867,0.8596077980982693,0.5891966719279009,0.00040984,80.53,74.38,79.33,72.18,73.5,70.66,73.36,68.26
2024-03-08 08:00:00+00:00,66.231,66.246,67.731,67.804,67398.806,0.29694684359929396,0.8232265412860176,0.5897106328002277,0.00043497,76.68,71.53,77.37,72.16,73.34,69.55,71.74,68.8
2024-03-09 08:00:00+00:00,70.26,69.757,70.813,71.046,68498.543,0.5129238574901019,0.8257494806616361,0.5929229191516613,0.00031281,77.8,73.11,78.44,72.41,72.71,69.17,76.43,68.79
2024-03-10 08:00:00+00:00,75.337,78.041,73.348,72.845,69678.297,0.25881794736377867,0.8277301328436601,0.589181782863985,0.00063451,93.4,80.7,87.32,80.87,86.54,80.61,81.51,76.71
2024-03-11 08:00:00+00:00,80.57,90.459,75.329,73.69,71233.06,0.6704392057327707,0.8399320816179465,0.5962074429707428,0.00078428,100.37,92.21,97.18,86.88,94.3,89.65,86.83,81.05
2024-03-12 08:00:00+00:00,77.073,78.101,77.159,76.13,71655.43,0.42010256383698935,0.8132564854456055,0.5970292216533932,0.000453,84.44,83.58,84.54,86.4,81.1,82.01,79.29,78.23
2024-03-13 08:00:00+00:00,78.73,79.367,77.746,76.558,73438.173,0.47511391900791416,0.46662516316017677,0.5999255449718093,0.0006442,85.6,79.81,90.38,82.15,83.2,79.43,81.05,78.5
2024-03-14 08:00:00+00:00,71.32,65.665,74.057,75.233,73389.183,0.47134661127829675,0.4544788940245467,0.5940067160027286,0.00038753,82.06,80.09,85.13,81.26,81.1,78.29,79.6,77.43
2024-03-15 08:00:00+00:00,71.435,74.379,76.213,78.255,67158.355,1.1717560641273892,0.6350817474393604,0.6267056913136545,0.00014328,78.83,87.57,82.99,84.12,79.31,81.82,78.96,79.69
2024-03-16 08:00:00+00:00,71.707,70.708,76.36,78.998,69074.903,0.9138928673082274,0.6951707142999427,0.639128086000326,0.00023202,79.83,83.58,82.99,81.72,78.38,80.09,79.43,79.69
2024-03-17 08:00:00+00:00,75.752,77.826,77.382,79.522,66357.865,0.6656926652864361,0.7329588158932429,0.6456948753899431,0.00017773,79.72,87.57,82.99,85.65,80.66,81.82,79.12,80.15
2024-03-18 08:00:00+00:00,73.924,74.84,76.908,79.587,67923.211,0.5768461930327433,0.722019615438679,0.6516377299762103,0.00030597,79.72,83.58,82.99,82.98,79.31,79.81,78.96,78.22
2024-03-19 08:00:00+00:00,70.619,71.276,76.012,79.649,63397.066,0.6891308487151608,0.7541577580068497,0.662368440675007,0.00029065,78.68,91.44,79.6,86.57,77.34,86.4,77.84,82.1
2024-03-20 08:00:00+00:00,76.357,78.699,79.302,81.576,62739.808,1.0556477191233278,0.828856453186006,0.6868911197315769,0.00018388,78.68,93.82,80.86,86.5,77.34,86.56,77.84,80.7
2024-03-21 08:00:00+00:00,75.925,71.278,78.95,81.606,67323.784,0.7474245349017294,0.8658107673689532,0.6992879350277516,0.00019304,77.83,86.4,81.05,83.44,77.46,78.14,78.98,78.22
2024-03-22 08:00:00+00:00,71.333,67.172,77.045,80.548,65857.374,0.4959216035237914,0.761880292742649,0.6991935645890492,0.0001,78.68,86.4,79.76,82.98,78.71,81.01,78.61,79.69
2024-03-23 08:00:00+00:00,72.324,67.897,77.64,79.805,64420.955,0.7471613706505538,0.7350180348279804,0.7066579153569218,0.0001,76.89,86.56,81.06,84.12,77.34,84.52,77.84,81.26
2024-03-24 08:00:00+00:00,72.847,67.62,77.592,79.067,65174.798,0.5192809822795235,0.7173223936654861,0.7085128561113907,0.00014616,76.89,86.4,81.06,82.98,77.34,81.01,77.84,80.15
2024-03-25 08:00:00+00:00,73.58,68.21,77.663,79.906,66901.761,0.43242135639524837,0.7034289655771502,0.7113542513783976,0.00016324,77.46,84.52,79.76,81.72,78.71,78.14,78.02,78.22
2024-03-26 08:00:00+00:00,75.279,67.813,78.253,79.935,70632.314,0.6121503720160324,0.6881007738688311,0.7194140384166746,0.00018348,84.19081377,86.91599683,82.99,82.1,80.97507785,79.39059294,78.96,77.89
2024-03-27 08:00:00+00:00,73.903,63.269,77.505,79.864,69564.748,0.4819519024375488,0.5937850709123184,0.7239968860646855,0.00029551,81.77594838,86.91599683,80.86,82.1,80.99800707,79.39059294,78.98,77.89
2024-03-28 08:00:00+00:00,75.551,64.544,78.052,80.306,70610.999,0.4576697536688125,0.5447275473114127,0.7143614444350853,0.00029899,81.99135891,85.9271953,81.05,81.26,81.15851155,80.04777054,79.12,78.5
2024-03-29 08:00:00+00:00,73.703,61.588,77.406,79.2,69980.045,0.37824134250981545,0.5303156743610147,0.705929080652757,0.00025456,81.77594838,85.9271953,80.86,81.26,80.99800707,79.39059294,78.98,77.89
2024-03-30 08:00:00+00:00,71.639,56.561,75.539,78.752,69983.882,0.35810441837797274,0.46899666985526484,0.6875956776121699,0.00032267,80.34743646,84.62056471,79.6,80.15,82.96991927,80.04777054,80.7,78.5
2024-03-31 08:00:00+00:00,74.824,64.078,78.277,80.617,70274.773,0.15765406354655964,0.4316881596425237,0.6757716379754066,0.00039889,81.77594838,85.9271953,80.86,81.26,80.99800707,80.04777054,78.98,78.5
2024-04-01 08:00:00+00:00,75.395,69.236,78.581,80.145,69457.126,0.43667042618575125,0.4324364863088729,0.6749201560980914,0.00033491,81.77594838,86.91599683,80.86,82.1,80.99800707,79.39059294,78.98,77.89
2024-04-02 08:00:00+00:00,72.862,67.928,77.42,80.104,66247.87,0.7709252078565708,0.46352726869933497,0.6889435399720371,0.0001,80.15470072,86.46868186,79.43,81.72,79.691042,79.74611525,77.84,78.22
2024-04-03 08:00:00+00:00,71.448,68.103,75.749,79.172,66638.643,0.45781760779650904,0.46044345381617646,0.6862818924024006,0.0001,80.15470072,86.97485407,79.43,82.15,79.691042,79.74611525,77.84,78.22
2024-04-04 08:00:00+00:00,69.13,60.846,74.778,78.52,66204.142,0.4235776516335887,0.45470522760506976,0.6787239485391581,0.0001,79.6218431,85.26799428,78.96,80.7,79.63371897,79.74611525,77.79,78.22
2024-04-05 08:00:00+00:00,69.762,62.712,75.71,78.624,67090.386,0.5685183001573065,0.4822025320914397,0.6006591845565111,0.0001,80.15470072,86.91599683,79.43,82.1,79.62225436,81.32980555,77.78,79.69
2024-04-06 08:00:00+00:00,69.802,61.255,75.423,77.7,68081.085,0.4335422163310369,0.4914588625764397,0.5977063656024886,0.0001,80.15470072,85.9271953,79.43,81.26,79.691042,81.84692891,77.84,80.17
2024-04-07 08:00:00+00:00,71.572,65.753,75.924,78.476,69474.936,0.29444611589735314,0.5011044450158811,0.5977819061130057,0.0001,82.0026963,84.62056471,81.06,80.15,79.8974049,79.39059294,78.02,77.89
2024-04-08 08:00:00+00:00,75.826,76.899,77.229,78.96,72049.512,0.5091700798343964,0.5126071063155617,0.5981070099022086,0.0001,81.99135891,84.62056471,81.05,80.15,80.97507785,78.89501638,78.96,77.43
2024-04-09 08:00:00+00:00,73.887,69.241,76.772,79.285,70531.666,0.22459125390843135,0.4279636011539855,0.5977671333804137,0.00020603,80.34743646,84.62056471,79.6,80.15,82.96991927,80.04777054,80.7,78.5
2024-04-10 08:00:00+00:00,71.697,67.225,75.9,78.653,68921.948,0.4484487617649852,0.4288872828775326,0.591090118624986,0.00012457,80.15470072,84.62056471,79.43,80.15,80.57381665,79.39059294,78.61,77.89
2024-04-11 08:00:00+00:00,69.462,62.584,75.409,78.587,71132.14,0.4930957232688636,0.43994299403517045,0.5933172486458262,0.00020153,82.0026963,82.34867548,81.06,78.22,82.96991927,78.89501638,80.7,77.43
2024-04-12 08:00:00+00:00,65.703,59.168,73.259,76.405,70740.507,0.42202101799585756,0.4171063752504591,0.591766657692055,0.0002563,80.15470072,84.07907816,79.43,79.69,79.8974049,78.89501638,78.02,77.43
2024-04-13 08:00:00+00:00,65.406,63.101,70.752,75.047,67155.723,0.7075351520639482,0.47254207617017335,0.6002980650138077,0.0001,81.59455004,85.9271953,80.7,81.26,79.63371897,81.84692891,77.79,80.17
2024-04-14 08:00:00+00:00,71.254,77.637,73.836,77.198,64495.02,1.3969317579011713,0.693627483437954,0.6130248414230427,0.0001,80.02998936,85.52696611,79.32,80.92,79.74836503,79.41213974,77.89,77.91
2024-04-15 08:00:00+00:00,70.088,73.338,73.071,76.768,66313.346,0.788893015487495,0.7276678644193134,0.6074378287806359,1.759e-05,80.02998936,85.03256535,79.32,80.5,79.97765715,79.01352382,78.09,77.54
2024-04-16 08:00:00+00:00,70.153,76.289,71.51,76.081,63312.249,0.6513838638985514,0.7636723440758011,0.60715731566307,9.525e-05,77.84,87.25,79.1,80.92,73.06,79.86,77.96,71.79
2024-04-17 08:00:00+00:00,66.158,66.416,70.401,75.163,63373.487,0.695330451454336,0.7889006662026388,0.6108537493037126,3.574e-05,75.6,84.54,74.42,77.52,73.03,79.86,71.54,77.91
2024-04-18 08:00:00+00:00,67.765,67.907,70.629,74.298,61377.451,0.7034517500442832,0.8077730286848032,0.6098767597895168,5.982e-05,73.06,89.34,73.8,80.92,73.36,81.69,70.69,72.15
2024-04-19 08:00:00+00:00,69.262,72.688,71.256,73.616,64562.31,1.1712761429857752,0.9091879596469724,0.617603878370815,6.641e-05,74.29,83.34,79.1,74.14,73.06,78.22,77.96,77.42
2024-04-20 08:00:00+00:00,66.517,65.293,69.297,72.469,63778.738,0.39325400801107435,0.8804359412096321,0.6050015499055827,-7.66e-06,73.2,81.69,73.8,74.14,72.6,78.44,71.54,77.42
2024-04-21 08:00:00+00:00,69.898,69.653,71.165,73.091,64987.041,0.3656665262618786,0.7230738050617708,0.6020099836634836,-2.093e-05,73.12,79.86,78.6,73.41,73.03,75.97,77.96,77.54
2024-04-22 08:00:00+00:00,69.38,71.144,71.04,73.225,66054.529,0.48521068381107324,0.6844347123624397,0.5932702716361506,2.497e-05,75.6,78.44,79.1,73.41,73.06,80.17,71.99,77.54
2024-04-23 08:00:00+00:00,66.633,64.26,70.385,72.936,66160.341,0.3455974422765426,0.6489851482684337,0.5891551519575102,5.24e-05,72.28,74.2,73.81,72.65,69.81,71.66,77.96,70.75
2024-04-24 08:00:00+00:00,63.204,60.942,67.757,70.994,66562.567,0.32456347046583933,0.6074802996623913,0.586657329340128,5.302e-05,72.28,72.93,74.42,75.17,71.81,71.96,71.47,74.13
2024-04-25 08:00:00+00:00,56.164,51.124,62.736,67.404,63805.438,0.4291164663562892,0.5728843259822163,0.5807835381273679,4.069e-05,71.81,74.2,71.86,72.65,69.45,71.66,71.13,77.54
2024-04-26 08:00:00+00:00,52.987,49.051,60.04,65.494,64369.311,0.41172571965920884,0.39704352833928525,0.5790477988221834,6.85e-06,70.79,72.93,71.86,75.17,69.45,71.66,76.64,70.75
2024-04-27 08:00:00+00:00,52.332,47.937,59.098,64.569,62984.936,0.40770777528249863,0.3998737803902503,0.5778590088189386,7.47e-05,69.45,74.2,71.47,72.65,69.45,72.24,70.6,77.42
2024-04-28 08:00:00+00:00,51.698,50.768,58.218,64.153,63705.896,0.3085159707949301,0.39246781348512205,0.5766158654234611,-2.081e-05,69.45,72.93,71.99,75.17,69.45,71.66,71.13,77.54
2024-04-29 08:00:00+00:00,53.26,52.827,58.88,64.211,62386.827,0.28100172191533346,0.36326716218753363,0.5753760892655663,5.544e-05,69.45,74.2,77.96,73.35,71.21,72.24,70.6,77.42
2024-04-30 08:00:00+00:00,50.166,51.082,55.444,61.971,62013.917,0.6924971288625076,0.42584461475969637,0.5878530673863354,9.154e-05,71.13013333,76.61598089,71.47,73.35,71.99829148,79.41213974,71.13,77.91
2024-05-01 08:00:00+00:00,55.242,56.943,56.183,61.573,56933.743,0.8233939753782287,0.5194040696338871,0.6036505450811956,8.946e-05,70.74466186,80.65358714,71.13,76.78,75.83893444,74.4994678,74.48,73.35
2024-05-02 08:00:00+00:00,54.832,53.375,56.349,60.395,57851.467,1.0492964182898805,0.6303429468861421,0.616404503759588,6.169e-05,57.9,75.31,61.1,65.5,57.26,61.26,56.62,60.18
2024-05-03 08:00:00+00:00,52.716,50.767,55.241,60.053,59318.138,0.42570499740877216,0.6332900557143717,0.6159782530789012,-3.764e-05,58.84,63.8,61.1,74.14,57.75,57.8,56.55,72.15
2024-05-04 08:00:00+00:00,54.042,51.207,56.967,61.076,63155.221,0.6511412561640043,0.6679767089173476,0.6240327794069702,7.455e-05,71.13013333,57.95,71.47,60.18,62.25,56.73,59.7,77.54
2024-05-05 08:00:00+00:00,56.119,52.79,58.01,61.824,63698.162,0.412005925796472,0.6755308004924041,0.6200381085716974,6.47e-06,78.48810348,57.95,77.96,60.18,64.07,56.73,59.7,77.54
2024-05-06 08:00:00+00:00,56.594,56.335,59.476,62.718,65158.051,0.3342721839785308,0.6785511128203077,0.6182018989150625,-1.031e-05,71.57229178,56.73,71.86,72.15,78.3152893,71.69838291,76.64,70.75
2024-05-07 08:00:00+00:00,53.024,49.117,57.703,61.603,64266.512,0.5565580126174503,0.6614946718645227,0.6238001654738765,1.581e-05,69.93,60.97,71.47,71.79,69.93,57.67,59.7,70.75
2024-05-08 08:00:00+00:00,50.415,46.453,55.725,60.515,62271.883,0.3641701984596713,0.5886949883629455,0.6202024427130447,5.553e-05,69.93,60.97,61.99,60.18,59.54,57.31,58.17,77.42
2024-05-09 08:00:00+00:00,51.306,46.612,56.262,60.483,61279.207,0.3399362345765434,0.46077949122160156,0.6218201544868549,3.315e-05,69.93,60.97,61.1,60.18,59.54,60.97,56.55,77.42
2024-05-10 08:00:00+00:00,48.718,44.222,55.081,59.725,62974.007,0.4450435657118912,0.46347744057912865,0.621986337783853,5.934e-05,69.93,60.97,76.64,71.79,59.54,57.67,58.17,77.54
2024-05-11 08:00:00+00:00,50.23,47.467,54.923,60.129,60848.365,0.6433215294856578,0.4561706927370506,0.626215688692549,3.771e-05,59.54,60.97,59.7,60.86,57.89,60.97,56.55,57.89
2024-05-12 08:00:00+00:00,52.546,49.27,55.873,60.268,61000.046,0.20367749802834684,0.43603598038130525,0.6227397365216663,2.83e-05,59.54,60.97,61.1,60.86,57.89,57.31,56.55,57.89
2024-05-13 08:00:00+00:00,54.357,55.539,56.995,60.94,62815.084,0.40469129833654593,0.4452157152074126,0.6135057271053268,8.469e-05,69.93,60.97,70.86,60.18,59.54,57.67,58.17,77.54
2024-05-14 08:00:00+00:00,53.554,52.423,57.575,61.819,61823.994,0.33976065337410866,0.41417674056448134,0.5630296188626741,0.0001,76.99156717,61.11298545,76.64,60.18,71.29895052,78.88424298,70.52,77.42
2024-05-15 08:00:00+00:00,55.104,54.749,59.848,64.277,62149.139,0.28233542712497756,0.40325038997033613,0.5470142506231256,-3.85e-06,77.89855887,79.14684195,77.44,75.5,56.37203371,78.36711962,57.5,76.94
2024-05-16 08:00:00+00:00,55.142,50.541,60.702,64.877,66293.801,0.4899374862971519,0.4317056529348266,0.5425795874316792,5.148e-05,78.09129461,58.3820098,77.61,57.86,73.17914588,56.40015009,72.16,56.55
2024-05-17 08:00:00+00:00,52.396,47.073,60.127,65.808,66155.012,0.3397346439266144,0.4177846420582023,0.5316248640851855,8.15e-06,78.09129461,58.3820098,77.61,57.86,73.17914588,56.40015009,72.16,56.55
2024-05-18 08:00:00+00:00,53.203,45.445,60.944,66.077,67006.641,0.3159831493000797,0.3562766162244468,0.5190890815833579,8.012e-05,78.09129461,77.42821072,77.61,74.04,73.17914588,56.40015009,72.16,56.55
2024-05-19 08:00:00+00:00,54.696,47.13,62.055,66.199,67192.305,0.14993753345836608,0.35256528216700733,0.47444232624077226,5.21e-05,78.09129461,77.42821072,77.61,74.04,73.17914588,56.40015009,72.16,56.55
2024-05-20 08:00:00+00:00,54.106,49.251,61.529,66.267,66780.399,0.36327470024847563,0.34622838315527155,0.473608165777697,2.479e-05,78.09129461,77.42821072,77.61,74.04,73.17914588,56.40015009,72.16,56.55
2024-05-21 08:00:00+00:00,56.815,53.9,62.482,66.474,70882.634,0.6453734935943363,0.40482866531999684,0.48464891695608764,0.00010517,72.57,70.35,67.53,77.14,71.47,73.19,77.44,77.04
2024-05-22 08:00:00+00:00,56.102,53.584,62.13,66.377,70040.648,0.39302411587768293,0.41929662536735746,0.4819771195586626,0.00015759,71.99,73.69,67.53,77.14,71.54,70.69,77.44,56.55
2024-05-23 08:00:00+00:00,54.036,49.807,60.219,64.679,69585.239,0.3329582765273646,0.39080783057126756,0.4817290629582925,0.0001,77.96,70.35,77.61,77.14,70.86,70.69,77.44,56.55
2024-05-24 08:00:00+00:00,49.806,44.098,58.188,64.016,67118.97,0.5756002341961913,0.4312414687025424,0.489873334752288,0.0001,44.96,50.03,55.01,76.94,59.7,70.35,53.21,51.26
2024-05-25 08:00:00+00:00,50.002,40.092,57.569,63.437,68863.271,0.3672857374097105,0.43784713090350963,0.48757464963241176,0.0001,43.27,47.39,53.64,52.57,42.09,43.32,52.56,51.48
2024-05-26 08:00:00+00:00,51.055,45.126,58.717,64.797,69080.991,0.19846355451515488,0.4404961972352482,0.4832660797536857,0.0001,45.05,47.44,56.53,54.26,43.4,42.63,52.47,50.95
2024-05-27 08:00:00+00:00,51.583,46.208,58.693,64.765,68581.657,0.25436672014386635,0.4299114379844387,0.4796322143682147,0.0001,46.41,47.39,56.53,54.26,46.57,43.73,52.62,50.95
2024-05-28 08:00:00+00:00,54.029,51.417,59.919,65.806,68058.438,0.4872293850434519,0.39015478590611463,0.48436447534205246,0.0001,52.21,55.45,57.6,56.71,50.52,51.67,54.61,54.45
2024-05-29 08:00:00+00:00,52.519,45.744,58.671,64.865,67803.711,0.4246517315751179,0.39457357505013546,0.48743519312056954,0.0001,48.71,51.29,54.76,54.49,46.42,47.36,53.06,52.62
2024-05-30 08:00:00+00:00,51.196,44.066,57.482,64.393,67589.779,0.23022548908931295,0.38433497733714406,0.4732092129181137,0.0001,45.02,51.29,53.4,54.36,44.55,46.89,51.89,51.95
2024-05-31 08:00:00+00:00,48.766,40.806,56.751,63.4,68138.771,0.4039079587139786,0.34934504054736043,0.4509566686489003,0.00012268,43.02,46.58,50.49,51.48,42.0,42.9,49.75,50.02
2024-06-01 08:00:00+00:00,49.212,39.018,57.416,63.261,67629.763,0.3714525772275824,0.34802170172587016,0.41543637146782186,0.0001,39.32,43.44,50.18,50.56,40.58,39.78,49.51,49.03
2024-06-02 08:00:00+00:00,49.115,39.736,57.19,62.981,67716.522,0.07903793938438326,0.3413420025267834,0.40839768429739803,0.0001,40.28,42.88,50.21,50.12,40.07,40.8,48.86,48.68
2024-06-03 08:00:00+00:00,50.397,43.521,58.045,63.372,69176.263,0.36899867684971677,0.3568416523726821,0.39493581350236423,0.00014135,48.43,46.5,52.33,52.73,45.78,43.72,50.47,50.7
2024-06-04 08:00:00+00:00,50.25,45.208,57.241,62.587,68890.623,0.4784027513177759,0.3550330696236796,0.39733284012396364,0.0001,50.8,49.27,53.46,53.47,48.05,47.62,51.8,51.62
2024-06-05 08:00:00+00:00,54.505,52.509,58.931,63.512,70910.739,0.4088297980139027,0.3541843294108966,0.3997397397985544,0.00016387,58.3,54.95,57.62,56.72,55.25,52.04,56.24,53.24
2024-06-06 08:00:00+00:00,52.977,48.271,58.126,63.101,70942.119,0.27463513677101353,0.3583408557661322,0.3900710653883665,0.00010438,52.83,50.73,55.45,51.81,49.32,48.24,53.11,50.7
2024-06-07 08:00:00+00:00,50.432,45.297,57.098,62.507,71079.68,0.23504721242241752,0.337027873025497,0.38606574612185846,0.0001,49.45,46.71,54.09,50.63,47.64,44.88,51.56,48.51
2024-06-08 08:00:00+00:00,47.599,39.267,55.998,62.068,69411.024,0.4048974518348503,0.34441371444585345,0.388308334501052,0.0001,40.46,41.64,48.01,47.82,39.8,39.09,46.29,45.76
2024-06-09 08:00:00+00:00,47.979,41.947,56.506,62.162,69341.851,0.0778664241641163,0.34442626147759065,0.37996035589855565,0.0001,46.59,45.94,48.28,49.22,44.8,43.45,47.12,46.82
2024-06-10 08:00:00+00:00,49.602,45.783,56.912,62.165,69438.541,0.16566698810184807,0.3206837271533885,0.36231642151640037,0.0001,49.87,51.91,51.31,49.41,47.54,47.05,48.37,46.96
2024-06-11 08:00:00+00:00,50.648,49.083,56.594,61.872,67532.627,0.35432043387628037,0.3002394411825849,0.3667044390459894,0.0001,50.95,53.66,52.98,51.4,47.92,49.58,50.26,49.23
2024-06-12 08:00:00+00:00,50.434,48.739,57.059,63.036,67390.274,0.4094077929091153,0.2961537667704685,0.3664045715713936,0.0001,50.68,56.99,53.07,52.34,48.22,50.12,49.77,48.91
2024-06-13 08:00:00+00:00,48.643,41.774,55.74,62.525,67546.693,0.7473574837116037,0.39282851303164856,0.38503522318913375,0.0001,44.51,44.88,53.73,50.63,43.03,42.54,50.82,50.16
2024-06-14 08:00:00+00:00,46.504,39.715,54.764,61.501,67117.496,0.41507076656287367,0.41259850333044906,0.3889119895103849,0.0001,42.58,42.04,50.64,49.1,40.87,39.92,48.49,47.9
2024-06-15 08:00:00+00:00,46.69,39.704,54.432,61.291,66135.124,0.3985944338350777,0.41119237320756696,0.38308066450458694,0.0001,41.47,44.65,50.7,50.56,40.09,41.0,48.97,48.61
2024-06-16 08:00:00+00:00,45.917,41.429,53.99,61.023,66211.759,0.09726421910808315,0.41183906026826456,0.3786288589236744,0.0001,44.82,47.53,50.58,49.72,41.87,43.03,48.62,48.61
2024-06-17 08:00:00+00:00,46.224,42.03,53.655,60.701,66165.941,0.19870924040059976,0.4137691084239734,0.3759567336067503,0.0001,46.78,48.25,51.39,49.7,45.81,43.46,49.57,48.13
2024-06-18 08:00:00+00:00,47.732,45.405,54.409,61.159,65751.093,0.5031211754552959,0.43321462860739096,0.3856586903121253,8.236e-05,49.26,49.64,52.52,50.65,46.52,47.23,49.7,48.89
2024-06-19 08:00:00+00:00,49.045,47.098,55.9,61.893,65152.183,0.38261542468517357,0.429875139227632,0.38628364567121437,4.127e-05,49.08,53.22,51.79,51.15,45.33,46.69,49.94,49.55
2024-06-20 08:00:00+00:00,47.865,43.608,54.932,61.617,65682.947,0.22691701669701575,0.3394156957363757,0.3683475454394536,5.953e-05,47.86,49.86,51.95,50.07,44.26,46.26,48.93,48.51
2024-06-21 08:00:00+00:00,45.607,41.289,53.914,61.205,63705.715,0.35454609530595327,0.3318664871800065,0.36756993852153147,7.328e-05,42.11,53.23,48.22,49.78,41.34,43.6,47.01,47.43
2024-06-22 08:00:00+00:00,44.941,37.71,54.284,61.402,64269.961,0.3509077688531917,0.32481069177392224,0.368189401060533,4.146e-05,39.52,45.32,47.28,48.98,37.65,40.25,45.8,46.8
2024-06-23 08:00:00+00:00,45.167,39.168,54.15,61.024,64347.547,0.07103402650455067,0.323875152488651,0.35290632186113097,2.307e-05,42.39,44.69,47.92,48.23,39.73,43.24,46.68,47.86
2024-06-24 08:00:00+00:00,46.244,43.846,54.216,60.904,62609.299,0.2899540852710499,0.33462741097223736,0.35048576350458077,0.0001,50.05,56.24,51.39,50.58,50.36,51.83,49.61,49.38
2024-06-25 08:00:00+00:00,48.057,47.657,54.912,62.491,60836.695,0.6615591562524565,0.3717191589207768,0.36861137599366733,5.949e-05,47.28,55.51,49.83,51.06,44.66,47.97,47.97,48.29
2024-06-26 08:00:00+00:00,45.63,40.915,53.746,61.274,61505.336,0.4272017794042474,0.3795712118870207,0.37383038885100495,0.0001,43.04,47.16,48.03,47.64,41.5,43.28,46.55,46.28
2024-06-27 08:00:00+00:00,45.707,42.132,53.743,60.29,60768.643,0.24222724486185154,0.3799799825544549,0.36614148122546447,0.0001,42.2,48.42,47.63,49.46,41.42,45.5,46.07,46.99
2024-06-28 08:00:00+00:00,44.245,40.075,52.377,59.908,61331.131,0.3304295580689838,0.37641868273680307,0.36313432884902497,0.0001,40.05,43.92,45.43,46.2,38.59,40.38,43.89,44.92
2024-06-29 08:00:00+00:00,42.725,35.857,52.322,59.72,60877.727,0.36403591889912634,0.3774474210447047,0.36663108588697696,0.0001,35.53,41.42,43.22,44.99,33.75,37.22,42.27,42.73
2024-06-30 08:00:00+00:00,42.692,36.895,51.428,59.084,61396.177,0.20393605363687606,0.38455604148681244,0.3612958840938426,0.0001,37.34,46.37,43.11,44.99,37.59,42.0,42.14,42.75
2024-07-01 08:00:00+00:00,42.372,40.514,50.772,58.938,62839.635,0.4066909335613892,0.3991352764203267,0.36297365266671605,0.0001,42.13,48.05,43.53,46.5,41.33,44.55,42.65,43.44
2024-07-02 08:00:00+00:00,41.086,37.383,49.718,58.322,62610.914,0.31493153379053684,0.3326627862428715,0.36703679086312985,0.0001,40.0,41.68,41.95,42.94,38.5,39.12,40.61,40.52
2024-07-03 08:00:00+00:00,39.846,37.283,47.61,55.984,60608.508,0.36011309850426526,0.3250055718619871,0.366909179297247,0.0001,42.14,44.43,40.77,44.55,39.81,43.93,40.35,41.82
2024-07-04 08:00:00+00:00,47.553,49.551,52.048,57.863,57410.585,0.6927429348689728,0.4108576370709181,0.37930040706470053,0.0001,46.97,58.82,47.16,52.44,45.81,52.08,44.63,48.0
2024-07-05 08:00:00+00:00,50.544,57.671,53.589,60.361,54294.292,0.7808404403641046,0.49064524155418365,0.3981698186280675,0.0001,52.88,76.55,54.44,59.83,55.38,61.53,49.73,54.21
2024-07-06 08:00:00+00:00,47.635,47.568,52.126,59.222,56536.827,0.4155359666499221,0.5026436286792971,0.4035047259638873,7.512e-05,46.99,59.67,47.03,53.42,47.64,55.78,46.34,49.56
2024-07-07 08:00:00+00:00,47.417,51.611,51.467,58.472,57576.271,0.360137452821096,0.5155326255458148,0.40679830058165595,0.0001,51.61,63.46,47.33,55.62,50.64,57.7,47.28,50.79
2024-07-08 08:00:00+00:00,50.741,55.788,53.759,60.168,57650.048,0.8249176043437649,0.5783654314817768,0.42648666841739746,8.222e-05,60.54,66.18,51.47,55.94,60.45,60.98,50.4,52.65
2024-07-09 08:00:00+00:00,50.547,54.217,53.809,60.505,57674.891,0.5039420403313093,0.5966645640589149,0.4356940069856742,8.61e-06,52.09,58.67,50.65,57.28,51.01,55.11,49.53,52.31
2024-07-10 08:00:00+00:00,47.936,49.311,51.793,58.68,58697.003,0.4913645926875861,0.609549414403708,0.44376431183984466,9.225e-05,48.86,56.69,48.18,53.24,47.94,51.12,47.56,49.97
2024-07-11 08:00:00+00:00,47.632,48.821,52.172,59.475,58101.585,0.4502917965513653,0.5722446066193403,0.44626397300975057,0.0001,47.59,56.33,46.01,53.24,46.65,50.66,46.6,49.41
2024-07-12 08:00:00+00:00,45.624,43.577,51.356,58.442,57271.301,0.5225525003048906,0.5233536169359082,0.4500694057746022,3.026e-05,42.97,51.39,44.65,50.8,42.94,46.75,44.93,48.64
2024-07-13 08:00:00+00:00,44.004,40.597,51.053,58.38,58048.523,0.3794532398761307,0.5171436319672569,0.4352586279632839,6.865e-05,47.13,52.6,47.63,48.9,47.29,44.38,46.36,46.42
2024-07-14 08:00:00+00:00,50.19,55.867,53.346,59.662,60205.952,0.41939716089971846,0.524956612655807,0.4363596019091153,3.71e-05,57.35,62.65,51.99,51.46,56.23,55.87,50.23,48.29
2024-07-15 08:00:00+00:00,49.889,52.519,52.603,59.344,62887.352,0.5321581678168199,0.4725146963669113,0.442037131769747,3.202e-05,54.97,58.4,52.72,52.73,54.29,56.63,52.32,49.82
2024-07-16 08:00:00+00:00,53.151,52.868,55.533,60.466,62827.679,0.540195219731595,0.47807884154632607,0.4521338428570873,8.814e-05,54.6,61.25,56.76,58.12,53.47,55.84,55.84,53.62
2024-07-17 08:00:00+00:00,60.436,58.889,61.691,64.177,65227.439,0.4684739065204152,0.47617401001710025,0.4592805419448085,1.775e-05,62.15,61.67,64.02,60.26,59.84,57.21,62.2,57.59
2024-07-18 08:00:00+00:00,54.754,49.298,58.253,61.627,64915.764,0.37211481918812284,0.46620233517459586,0.45526143717943846,1.546e-05,53.38,53.86,59.93,56.22,51.72,50.16,57.42,54.9
2024-07-19 08:00:00+00:00,54.919,47.91,59.65,63.694,63780.826,0.43155533761979226,0.45369127413215427,0.4567801620714583,4.855e-05,53.8,53.24,60.68,58.43,50.4,52.2,59.03,56.59
2024-07-20 08:00:00+00:00,57.745,50.757,62.213,65.928,66542.352,0.4135909804986541,0.45922731148520207,0.4619050912187894,1.944e-05,60.3,54.89,63.94,59.77,54.28,51.19,60.47,57.81
2024-07-21 08:00:00+00:00,60.503,57.056,63.586,67.091,66822.568,0.292802411650963,0.44500389626723097,0.45997465717825475,2.194e-05,67.31,61.57,68.72,62.02,63.96,60.74,65.26,60.92
2024-07-22 08:00:00+00:00,62.876,61.215,65.354,67.257,67089.737,0.4742107353566119,0.4335550931389359,0.4634730175367546,5.953e-05,65.57,63.19,69.27,63.22,60.69,59.45,65.71,63.01
2024-07-23 08:00:00+00:00,66.885,67.128,67.435,68.467,66952.332,0.42051952379478946,0.4149536769885228,0.46937040940909375,4.31e-05,77.83,70.08,72.73,64.5,73.39,68.91,68.28,64.18
2024-07-24 08:00:00+00:00,61.196,62.884,64.11,66.467,66422.013,0.5144543926259602,0.4202830590740053,0.4750835304537258,0.0001,74.74,65.26,67.96,60.74,68.0,63.79,63.54,59.25
2024-07-25 08:00:00+00:00,59.173,66.82,60.949,64.758,64329.611,0.5386378217298237,0.4469805445000072,0.4702050654593983,0.0001,76.03,68.71,66.2,62.13,70.81,67.61,62.32,58.87
2024-07-26 08:00:00+00:00,60.241,69.317,61.065,64.727,67067.055,0.4363261140210291,0.45023896815498776,0.4712660787088698,0.0001,80.67,72.28,66.54,62.36,73.62,69.07,62.38,58.93
2024-07-27 08:00:00+00:00,59.104,69.74,60.217,63.868,67949.394,0.377941387242404,0.4426363891368496,0.4740388349735968,8.022e-05,76.81,70.68,64.27,59.38,70.76,62.78,59.59,57.35
2024-07-28 08:00:00+00:00,51.79,51.416,58.151,62.765,67335.252,0.4638831399563575,0.4626186907994567,0.47766724595982846,9.177e-05,55.39,56.19,57.24,53.21,54.14,51.74,53.84,51.21
2024-07-29 08:00:00+00:00,55.723,57.461,57.792,61.117,69481.628,0.36351824193969723,0.4505519638067953,0.47799343689654195,5.623e-05,61.33,59.1,58.94,55.11,58.4,54.4,55.73,52.33
2024-07-30 08:00:00+00:00,47.794,48.501,52.562,57.192,66825.287,0.49251023028265356,0.4644820634897396,0.48560871385277793,3.562e-05,51.75,50.21,53.89,51.47,48.56,48.0,50.65,48.87
2024-07-31 08:00:00+00:00,48.091,46.365,52.586,57.375,66323.494,0.3663251426380206,0.44470345377361653,0.48440126554309976,7.178e-05,50.84,49.41,52.14,49.32,47.2,46.04,49.27,47.6
2024-08-01 08:00:00+00:00,45.885,45.035,51.73,56.444,64446.904,0.560363302558949,0.4478956283188331,0.4918975521631396,0.0001,48.51,48.9,50.02,48.65,45.79,46.32,46.47,46.27
2024-08-02 08:00:00+00:00,45.563,42.012,52.214,56.777,64428.63,0.6792306106368798,0.48335583888035605,0.5019837143234595,0.0001,46.16,51.66,47.62,49.98,44.54,46.29,47.35,47.08
2024-08-03 08:00:00+00:00,47.135,45.329,52.992,57.094,61555.74,0.631796765846589,0.5201573203842829,0.4989498297643334,9.788e-05,51.61,62.88,51.99,52.81,49.13,54.51,47.62,50.14
2024-08-04 08:00:00+00:00,50.952,52.922,54.169,57.535,60546.253,0.43251247092440154,0.5163629573292748,0.48360093282749833,5.343e-05,56.23,65.21,55.45,58.37,54.72,61.07,53.15,54.47
2024-08-05 08:00:00+00:00,62.363,80.335,61.06,62.015,52639.317,1.3012905085625075,0.7083541595840598,0.5401296442309204,4.429e-05,84.56,102.64,69.87,72.62,93.0,89.96,62.77,68.05
2024-08-06 08:00:00+00:00,59.139,66.132,59.22,61.497,55214.911,1.6915433273085287,0.9363690955225069,0.6165777091084805,-2.845e-05,63.17,74.01,62.95,67.89,61.18,64.9,58.7,61.2
2024-08-07 08:00:00+00:00,55.323,58.807,58.723,61.557,57339.411,0.5638117164805695,0.9538523708673721,0.6077176252152754,-6.859e-05,61.37,67.03,61.12,64.05,59.07,61.47,57.11,58.18
2024-08-08 08:00:00+00:00,58.107,60.392,62.148,64.595,57285.21,0.8014413471945383,0.9775138001651147,0.6178540992129851,3.086e-05,58.09,69.06,56.51,65.15,58.75,65.73,54.65,58.39
2024-08-09 08:00:00+00:00,53.337,57.087,57.381,61.392,61062.29,0.9873035690441219,1.0191110577430547,0.638035658573888,2.184e-05,55.03,63.66,57.14,58.93,55.18,58.41,53.52,55.18
2024-08-10 08:00:00+00:00,52.306,50.924,57.555,61.609,60726.126,0.3767269893942904,0.9997595349316531,0.6364741894908583,-1.379e-05,52.45,58.82,53.65,58.07,52.07,54.72,52.8,55.13
2024-08-11 08:00:00+00:00,54.184,53.85,58.423,61.719,61316.173,0.21193963005957925,0.98972529687121,0.6306329246808895,-1.839e-05,60.69,62.42,56.21,58.34,53.78,57.46,53.62,55.67
2024-08-12 08:00:00+00:00,56.188,60.746,58.612,62.196,58475.278,0.4648816705320512,0.8572143739149961,0.633350915408287,8.783e-05,63.11,74.27,57.59,63.8,61.93,68.18,55.85,59.01
2024-08-13 08:00:00+00:00,54.865,58.149,59.569,63.049,59031.947,1.036613275331761,0.6971384732193019,0.6551677814455897,5.21e-06,56.65,62.7,56.74,64.74,55.37,60.76,54.68,57.19
2024-08-14 08:00:00+00:00,53.588,53.96,60.665,63.618,60900.266,0.6006412716598561,0.7008400411872119,0.6566921329437099,-1.33e-05,56.15,59.64,59.44,58.48,54.48,55.96,55.22,54.25
2024-08-15 08:00:00+00:00,53.03,51.352,59.581,63.385,58293.877,0.5335492050486874,0.6686851143771118,0.6571982887495338,6.339e-05,54.8,58.38,57.67,57.86,51.5,55.25,53.58,54.66
2024-08-16 08:00:00+00:00,51.78,50.759,59.509,62.768,58430.798,0.7250889249390126,0.6130984868019633,0.6639931314827326,-7.387e-05,52.28,58.13,56.99,57.99,50.29,51.62,53.11,53.7
2024-08-17 08:00:00+00:00,50.628,44.607,59.855,62.839,59260.947,0.4028981622827566,0.6160258636631339,0.6646832095707981,4.177e-05,46.85,50.04,53.38,56.25,46.72,46.93,52.15,52.79
2024-08-18 08:00:00+00:00,51.944,49.864,60.397,62.733,59689.061,0.28840089241813344,0.6201822599795516,0.6621490641928425,-1.323e-05,52.51,56.94,56.29,56.25,50.77,51.84,53.21,54.41
2024-08-19 08:00:00+00:00,52.075,49.682,60.408,62.984,58607.219,0.3747839242260917,0.6084764527925403,0.66069815474518,-6.75e-05,51.98,54.5,55.32,57.47,49.82,52.66,52.91,53.91
2024-08-20 08:00:00+00:00,51.365,48.99,60.202,62.427,60788.094,0.3934038396385475,0.496003124597092,0.662963272423946,1.349e-05,54.35,54.17,55.88,55.98,51.74,50.92,52.67,53.38
2024-08-21 08:00:00+00:00,52.956,50.486,60.611,63.024,59495.33,0.5602393899036521,0.488411505689504,0.6652074345318308,-5.91e-06,53.27,55.43,57.23,57.53,50.66,52.8,54.07,54.73
2024-08-22 08:00:00+00:00,53.044,50.193,61.084,63.632,60934.548,0.5517750662271693,0.4877442669475811,0.668554665033996,1.338e-05,52.24,54.29,56.27,57.78,51.49,51.06,53.74,54.33
2024-08-23 08:00:00+00:00,50.465,47.223,60.647,63.257,61235.254,0.33836879688444377,0.42570104238148887,0.6649661690927868,2.391e-05,50.44,57.42,54.38,57.22,48.81,50.02,52.91,53.72
2024-08-24 08:00:00+00:00,51.483,46.559,62.11,64.24,64315.758,0.5315929376363892,0.4485633937331524,0.6653972519450723,-7.23e-06,51.25,51.71,56.82,56.47,47.63,49.68,52.98,52.94
2024-08-25 08:00:00+00:00,52.94,49.87,62.206,64.141,63979.465,0.2429141654081324,0.44543801755363255,0.6615480236866127,-1.531e-05,53.94,57.31,57.62,57.86,50.37,51.81,53.13,53.17
2024-08-26 08:00:00+00:00,49.251,45.058,59.615,62.753,63750.271,0.16213696330809416,0.4257728751478599,0.6586394990900153,3.448e-05,49.55,52.73,52.54,55.08,46.35,47.65,50.99,51.24
2024-08-27 08:00:00+00:00,47.501,42.778,58.76,62.083,62778.178,0.3122153592863076,0.4157838586888983,0.6558234370192666,1.751e-05,47.46,51.42,52.57,53.22,45.25,48.23,50.55,50.19
2024-08-28 08:00:00+00:00,50.824,51.665,60.34,62.795,59277.077,0.670777388240529,0.44511137641286586,0.6641523695360472,2.433e-05,52.99,56.08,54.41,56.65,49.94,52.49,50.79,52.51
2024-08-29 08:00:00+00:00,49.592,46.221,60.286,62.865,59543.923,0.4238535790606168,0.4237555540273181,0.6622132483603149,-1.644e-05,48.85,54.45,51.37,55.33,46.2,50.43,49.82,51.8
2024-08-30 08:00:00+00:00,49.293,43.934,59.586,62.872,59414.331,0.6031025817118466,0.462314202439328,0.6677297908087358,3.578e-05,46.77,52.55,51.99,52.89,44.69,47.78,49.26,49.92
2024-08-31 08:00:00+00:00,47.766,41.573,58.514,62.504,59037.095,0.433853465384145,0.4399506064923408,0.6644671960001018,3.578e-05,40.99,49.39,49.12,51.68,40.47,44.05,47.56,48.08
2024-09-01 08:00:00+00:00,48.082,44.445,58.517,62.192,58239.716,0.25210193455245294,0.4405205433459773,0.6548609335009992,-3.432e-05,47.36,54.59,50.84,54.03,44.36,49.67,49.14,50.74
2024-09-02 08:00:00+00:00,51.492,49.394,59.493,62.502,58119.936,0.43724564844971897,0.4656593987239005,0.6490395404038348,2.48e-06,48.68,57.67,53.93,56.64,49.02,51.14,51.2,53.13
2024-09-03 08:00:00+00:00,49.824,46.369,60.02,62.659,58824.535,0.377278057414852,0.47346247290494636,0.6479183327422765,5.123e-05,49.43,57.9,54.21,55.77,49.56,51.56,51.04,52.98
2024-09-04 08:00:00+00:00,53.819,54.567,61.04,62.919,56731.581,0.5502781261216262,0.44754141788965657,0.6049458680818043,1.05e-05,55.34,65.7,56.45,61.01,53.27,58.18,53.9,55.78
2024-09-05 08:00:00+00:00,53.372,53.529,60.965,63.194,56974.429,0.5886585719272629,0.47250899460281326,0.5333319017041668,2.025e-05,55.69,61.83,55.9,59.77,53.42,57.96,53.33,55.36
2024-09-06 08:00:00+00:00,55.652,58.866,61.914,63.969,55742.099,0.44919511264423745,0.44869891022981984,0.529387405821288,-1e-08,57.64,70.19,57.42,64.44,56.61,59.92,55.68,57.62
2024-09-07 08:00:00+00:00,54.968,54.831,62.642,64.315,54308.251,0.8666223653547964,0.5285195488373796,0.5329527700537193,-7.634e-05,55.28,64.98,58.32,62.51,53.35,59.58,54.64,57.94
2024-09-08 08:00:00+00:00,55.443,56.676,62.232,64.337,54440.358,0.30708746540753185,0.5328524642347401,0.5036189487053917,-5.999e-05,59.94,71.78,59.29,63.74,59.04,64.07,56.55,58.66
2024-09-09 08:00:00+00:00,56.257,61.859,62.12,64.31,55194.438,0.3863777595869188,0.5283504013984278,0.5040008183749383,-7.108e-05,62.57,76.13,59.33,65.56,61.8,68.02,56.61,59.75
2024-09-10 08:00:00+00:00,55.127,59.143,61.88,64.197,57139.389,0.5693648388429444,0.5541395632425833,0.5134018836489971,-2.93e-05,60.22,65.29,59.43,64.17,58.03,59.6,56.05,57.81
2024-09-11 08:00:00+00:00,52.54,54.667,60.359,63.169,56408.218,0.3978236092464187,0.5337706828866701,0.5106221016497222,-2.247e-05,55.07,62.09,55.54,61.77,53.44,58.57,52.17,55.65
2024-09-12 08:00:00+00:00,52.629,52.126,59.807,62.381,58228.515,0.5804973151793105,0.5344380212149462,0.48746846299553703,-5.46e-06,52.58,58.59,56.03,57.51,51.24,54.42,52.93,53.79
2024-09-13 08:00:00+00:00,50.731,49.855,59.492,62.05,57964.236,0.36078391515071173,0.5238629812332016,0.4792997171811808,-8.69e-06,50.48,59.72,53.25,58.0,49.78,54.5,51.77,54.1
2024-09-14 08:00:00+00:00,49.471,46.984,59.907,62.495,59992.669,0.5267845608473403,0.455741161632835,0.4787018583150499,8.59e-06,48.27,53.27,53.91,56.13,47.66,50.74,52.21,52.42
2024-09-15 08:00:00+00:00,50.509,51.254,59.871,62.359,60103.41,0.15672262350965072,0.4451132548298861,0.461651728912664,1e-08,53.66,59.15,54.11,55.91,52.41,53.72,51.78,52.83
2024-09-16 08:00:00+00:00,50.928,53.452,58.937,61.964,58951.164,0.3211509561905777,0.44031712617972835,0.4597076561019661,3.564e-05,60.15,63.09,54.42,56.1,56.78,58.13,51.88,52.82
2024-09-17 08:00:00+00:00,51.606,54.467,60.042,62.441,58779.585,0.4667188562300846,0.42158410381038136,0.4643414270943131,1.911e-05,54.76,66.27,55.02,60.21,52.55,58.79,52.89,53.93
2024-09-18 08:00:00+00:00,51.545,53.929,59.072,61.956,60188.065,0.6148863880782731,0.45585918973291195,0.4725685580561183,1.678e-05,55.01,61.35,54.85,56.79,52.11,53.9,51.45,52.9
2024-09-19 08:00:00+00:00,48.601,46.749,57.806,60.637,61920.78,0.6117562974916502,0.46111774526995103,0.4796659508926545,2.949e-05,49.47,53.67,52.99,54.53,50.66,51.04,50.78,51.87
2024-09-20 08:00:00+00:00,50.6,50.127,59.064,60.835,63331.542,0.3564132607318747,0.46042738580129045,0.4733555179016313,-5.03e-06,49.67,53.78,53.43,54.41,49.64,48.97,52.31,50.6
2024-09-21 08:00:00+00:00,48.403,44.144,58.657,60.701,63037.61,0.2615754930612156,0.4270160484246932,0.4650618494343668,0.0001,45.85,47.19,51.13,51.68,45.44,44.85,49.59,49.91
2024-09-22 08:00:00+00:00,49.473,48.529,58.901,61.114,63013.859,0.1904235261938856,0.4289684936721246,0.46235629155404956,9.254e-05,50.4,52.83,51.9,53.62,49.77,52.13,50.79,50.06
2024-09-23 08:00:00+00:00,49.823,51.301,59.146,61.005,63450.232,0.36338689682831754,0.43161362367014616,0.45581763485250737,1.364e-05,53.41,56.8,53.44,53.68,52.51,52.7,50.8,50.15
2024-09-24 08:00:00+00:00,49.252,47.446,58.603,60.27,63826.651,0.2953122084155257,0.40979160177328183,0.45681362202904585,2.895e-05,48.4,50.98,52.15,52.48,46.75,47.08,49.95,50.08
2024-09-25 08:00:00+00:00,48.541,46.199,57.986,59.591,63854.774,0.3959484750844115,0.37047408330536225,0.461352818186877,1.141e-05,46.77,50.93,50.02,52.01,46.42,46.21,47.95,49.18
2024-09-26 08:00:00+00:00,47.987,43.532,57.141,58.796,63769.429,0.28530652851730226,0.30981290302256503,0.4606615076965437,6.246e-05,46.4,50.13,50.15,52.73,45.51,46.55,48.84,48.92
2024-09-27 08:00:00+00:00,49.576,45.265,57.552,59.612,65692.758,0.3471211633165143,0.30944493920609556,0.44751793198795214,6.722e-05,45.64,48.29,51.59,52.54,44.23,44.42,49.08,48.79
2024-09-28 08:00:00+00:00,49.625,43.486,57.167,58.736,65662.062,0.3462241302320528,0.32045916166602156,0.44538374713234924,8.3e-05,44.17,46.66,51.07,51.42,42.59,43.57,48.86,48.02
2024-09-29 08:00:00+00:00,49.964,42.482,56.59,58.327,65570.331,0.16237433992384537,0.31837217290172715,0.43309429676279204,3.128e-05,43.71,46.9,51.07,52.86,43.16,43.84,49.03,47.9
2024-09-30 08:00:00+00:00,50.598,44.669,56.559,58.869,64302.497,0.2572985796547247,0.30571124183198123,0.4288135755065175,7.939e-05,48.69,50.6,50.8,51.24,45.64,46.77,49.02,49.02
2024-10-01 08:00:00+00:00,52.161,45.333,57.62,59.846,63938.535,0.3424398017009888,0.31248576399866373,0.4306944489532963,0.0001,50.3,52.28,52.73,51.34,50.19,48.17,49.82,49.03
2024-10-02 08:00:00+00:00,53.349,48.212,57.866,59.054,61774.237,0.5306235681096269,0.3421741977572634,0.4348254516787135,8.409e-05,50.41,53.39,51.71,52.98,48.56,49.71,50.01,48.87
2024-10-03 08:00:00+00:00,53.454,48.885,57.001,58.51,60206.908,0.5891562995050609,0.39297287748236237,0.4426497186190621,3.746e-05,49.5,58.23,52.16,55.3,48.64,51.98,49.68,50.53
2024-10-04 08:00:00+00:00,53.794,48.461,56.991,58.366,61482.353,0.4408348998018057,0.40409173449198077,0.4380929448589481,2.119e-05,47.56,52.42,51.96,52.74,46.68,49.61,48.98,48.69
2024-10-05 08:00:00+00:00,52.002,42.947,55.385,57.868,62126.294,0.33093948240488447,0.40313117381111974,0.4293863132353636,1.088e-05,44.17,47.6,48.53,49.96,42.94,44.18,46.73,47.25
2024-10-06 08:00:00+00:00,52.55,43.41,54.881,57.395,61991.126,0.15085150309784212,0.4024880176662767,0.42230484717527084,3.288e-05,46.2,53.14,49.66,51.34,45.81,47.59,47.23,48.53
2024-10-07 08:00:00+00:00,54.463,46.298,55.991,58.042,63592.983,0.3308621590891448,0.4116919167496932,0.3969554911570962,-9.52e-06,48.08,51.42,49.08,50.91,46.22,49.76,47.07,47.39
2024-10-08 08:00:00+00:00,52.72,42.928,54.021,56.797,62401.085,0.5480442764533132,0.4418951761273772,0.4055243802646094,7.094e-05,45.84,48.22,48.01,48.1,43.47,44.57,45.07,44.96
2024-10-09 08:00:00+00:00,53.065,40.971,54.22,56.835,62078.81,0.2835576258521323,0.4064620612132359,0.4027970578910645,5.138e-05,45.12,45.85,48.01,47.19,41.93,43.04,44.93,44.81
2024-10-10 08:00:00+00:00,52.934,43.44,54.119,56.191,60801.151,0.4191076831942636,0.37560238003435,0.3965772621596711,1.532e-05,45.38,50.3,46.11,49.41,42.46,46.47,44.42,45.88
2024-10-11 08:00:00+00:00,52.103,40.473,53.334,56.04,60648.873,0.4025869325103024,0.3683198140929735,0.3965991113069324,-1.874e-05,40.6,49.08,44.37,50.54,40.11,45.01,43.41,45.36
2024-10-12 08:00:00+00:00,54.334,39.969,55.099,57.08,62699.034,0.3349961749280183,0.37180878897172326,0.38748744476522706,7.664e-05,41.37,43.38,57.07,55.87,39.32,40.65,55.34,53.79
2024-10-13 08:00:00+00:00,54.132,41.753,55.207,57.389,62797.349,0.20449525776782346,0.3752815707979502,0.3837905753156703,1.638e-05,44.37,45.37,57.91,55.45,43.87,42.2,55.65,53.79
2024-10-14 08:00:00+00:00,55.672,45.422,55.916,57.276,64384.409,0.5394816393013183,0.4071686840072068,0.3840156142876053,0.0001,48.02,53.7,59.41,57.16,46.32,49.86,57.0,55.31
2024-10-15 08:00:00+00:00,55.318,45.006,55.845,56.978,65698.011,0.366065907834854,0.3771012356971782,0.3887476063570056,0.0001,50.11,51.64,59.2,57.64,48.14,47.41,57.25,55.12
2024-10-16 08:00:00+00:00,56.604,46.291,56.412,57.912,67188.082,0.7312736843204585,0.4524340938305014,0.40600684751913435,8.5e-05,50.28,51.55,60.01,57.96,47.4,46.98,57.64,56.06
2024-10-17 08:00:00+00:00,54.719,43.378,55.83,57.615,67400.881,0.337396190409193,0.44033768794247347,0.40185602875967624,0.0001,47.61,48.08,57.96,55.35,46.2,44.07,55.91,54.41
2024-10-18 08:00:00+00:00,53.886,41.403,55.13,57.207,67901.116,0.36157133148889103,0.43476269432466474,0.39165013210206884,0.0001,46.14,44.82,56.93,54.58,44.3,42.59,54.98,53.57
2024-10-19 08:00:00+00:00,53.656,40.643,55.54,57.443,68407.367,0.2491351061704216,0.4259448186495783,0.3782866433236722,0.0001,43.85,41.64,56.7,53.2,42.95,38.87,54.83,52.37
2024-10-20 08:00:00+00:00,54.28,43.699,55.549,57.38,68373.423,0.10704719686917541,0.4211340462231198,0.3731151853990041,0.0001,51.02,45.87,57.58,54.02,47.24,43.53,55.44,53.68
2024-10-21 08:00:00+00:00,55.121,45.979,55.809,57.315,68326.324,0.30136714621719096,0.3867500113285744,0.37404574805749746,0.0001,50.21,48.42,58.15,53.33,47.59,44.79,55.87,52.57
2024-10-22 08:00:00+00:00,54.025,43.149,54.597,56.2,67000.584,0.4426382617643126,0.39879042396455966,0.38112829177280433,0.0001,48.29,47.35,57.08,53.74,45.2,44.06,55.39,52.59
2024-10-23 08:00:00+00:00,53.787,41.514,54.074,55.784,66598.385,0.3825079140702843,0.32343599191506267,0.38175022978159023,0.0001,45.46,45.69,57.07,54.75,42.8,42.41,56.06,53.47
2024-10-24 08:00:00+00:00,53.734,38.373,54.075,55.393,66830.183,0.33008748407794053,0.3224053009293578,0.38265024801716185,0.0001,43.99,44.7,56.57,54.43,41.45,41.61,55.47,53.22
2024-10-25 08:00:00+00:00,54.361,38.641,53.671,54.728,67594.474,0.27529946413648637,0.3107367593268714,0.3793113400454259,0.0001,43.52,41.1,56.65,53.9,41.89,39.76,55.39,53.36
2024-10-26 08:00:00+00:00,55.445,43.824,54.264,55.165,67053.728,0.3541583516849282,0.32432332841017897,0.38122104864201034,7.569e-05,43.62,50.31,58.14,54.81,41.85,43.55,54.49,54.18
2024-10-27 08:00:00+00:00,54.377,45.656,52.837,54.436,67105.746,0.12340417673403803,0.32514753002668256,0.37623034942827044,9.724e-05,43.73,47.34,58.12,55.98,46.14,45.24,54.88,54.47
2024-10-28 08:00:00+00:00,55.364,52.178,53.386,54.344,68248.978,0.24312455490030374,0.3195073272328914,0.3738084174771899,0.0001,47.46,50.26,58.85,57.83,46.37,46.97,56.87,54.56
2024-10-29 08:00:00+00:00,56.957,56.5,54.73,55.277,71111.706,0.3945586435323762,0.31350497357959056,0.38031465443309853,0.0001,67.8,67.55,61.37,58.57,66.32,65.51,58.92,57.13
2024-10-30 08:00:00+00:00,57.376,65.883,54.567,54.92,72277.468,0.41967793360751454,0.31922874119201095,0.38467707402565426,0.0001,69.5,72.5,62.21,61.71,68.07,67.65,59.17,57.5
2024-10-31 08:00:00+00:00,58.585,67.589,54.702,54.833,72227.842,0.3592966676445306,0.3238242538203716,0.3851215007030606,0.0001,71.67,73.92,63.93,60.62,70.04,70.05,60.38,57.25
2024-11-01 08:00:00+00:00,57.272,69.227,53.071,53.753,69389.898,0.4521486269621922,0.35704117666848345,0.3822145188692346,0.0001,72.13,76.17,64.19,63.03,70.38,71.64,59.69,58.16
2024-11-02 08:00:00+00:00,59.787,73.063,55.06,55.058,69633.333,0.5809619300042413,0.39540316136922377,0.38121233315304986,0.0001,74.97,76.93,67.47,63.11,74.05,73.92,61.99,59.82
2024-11-03 08:00:00+00:00,59.656,77.544,55.107,54.783,68507.941,0.37400557323292705,0.41761415354714987,0.37901514962760413,0.0001,84.33,89.49,69.13,65.2,80.79,81.82,64.47,63.14
2024-11-04 08:00:00+00:00,61.281,78.39,55.544,55.457,68500.392,0.45173183739516554,0.4403074779421839,0.38295993486572283,0.0001,91.11,91.62,70.81,67.29,87.19,88.02,65.44,63.3
2024-11-05 08:00:00+00:00,62.182,80.027,56.457,56.387,68897.663,0.5416943596509907,0.4570754137465267,0.3940864528293043,0.0001,78.84,82.54,71.58,68.93,75.05,75.78,66.45,63.38
2024-11-06 08:00:00+00:00,55.461,59.749,54.343,54.954,73371.943,0.9549880811915084,0.5644308546394444,0.4271980032159933,0.0001,64.02,62.26,61.7,59.87,65.41,58.32,58.39,55.08
2024-11-07 08:00:00+00:00,53.639,52.737,53.761,54.549,75109.456,0.36478596231789395,0.5656133869268821,0.42072326144165123,0.0001,54.98,54.41,56.23,54.53,54.26,51.33,53.83,52.0
2024-11-08 08:00:00+00:00,49.914,46.693,51.949,53.251,75874.859,0.38989013907648584,0.5544337994905427,0.4233642443804229,0.0001,47.55,47.12,51.34,49.69,46.6,44.59,50.91,48.25
2024-11-09 08:00:00+00:00,48.607,42.589,51.364,52.707,76588.883,0.28788034813869673,0.5216832778713714,0.4193736060462584,0.0001,45.5,44.36,49.63,47.92,43.49,40.41,48.62,46.56
2024-11-10 08:00:00+00:00,51.301,53.148,51.606,52.848,79100.861,0.4595192590480903,0.5291902180438113,0.42151822802826516,0.00025603,58.0,55.61,54.16,53.5,55.51,50.76,53.55,50.72
2024-11-11 08:00:00+00:00,50.703,51.982,51.018,51.588,81342.864,0.6093212305378942,0.5495575911661722,0.43109970103201234,0.0001,61.07,60.68,58.64,59.1,59.14,59.36,56.81,53.79
2024-11-12 08:00:00+00:00,61.346,68.189,56.876,55.658,89171.286,0.734660507889811,0.5854574068486348,0.45290786537711786,0.00043737,66.34,67.45,67.07,64.39,63.15,62.67,62.59,60.39
2024-11-13 08:00:00+00:00,54.735,56.959,54.017,54.204,87394.268,0.8166926325630587,0.558992088585192,0.46641372252414315,0.00013101,62.17,64.33,64.67,63.86,61.24,65.08,60.11,60.67
2024-11-14 08:00:00+00:00,57.46,60.561,55.908,55.459,90650.654,0.9679925933026489,0.6507141781425887,0.4934848858058033,0.0001,67.0,64.37,63.3,61.63,61.47,59.45,59.47,56.9
2024-11-15 08:00:00+00:00,57.379,57.863,56.166,55.988,88051.106,0.7055727473836908,0.6905138463241178,0.4929877421373619,0.0001,60.73,63.39,61.95,61.91,59.22,58.35,58.09,57.42
2024-11-16 08:00:00+00:00,54.244,53.446,55.574,55.704,91327.373,0.548596150981818,0.711909222125058,0.4993705406028449,0.0001,58.65,55.31,59.49,56.85,54.45,53.04,57.56,54.48
2024-11-17 08:00:00+00:00,54.247,54.84,55.325,55.569,91020.154,0.3267482841687637,0.702642355105554,0.4986891797450006,0.0001,62.58,57.6,61.58,56.4,59.63,56.1,59.39,53.49
2024-11-18 08:00:00+00:00,57.622,62.977,56.258,56.155,91940.657,0.3706439818689536,0.6793194852095366,0.5010958842606973,0.0003645,71.59,62.41,63.5,60.26,66.32,61.75,58.94,56.01
2024-11-19 08:00:00+00:00,58.545,61.256,57.564,56.944,91755.682,0.7675546769286957,0.6739913442775652,0.5192239714003705,0.00030216,64.28,62.57,62.7,60.27,61.02,58.9,59.23,56.47
2024-11-20 08:00:00+00:00,56.313,56.533,57.348,57.456,93362.933,0.5406959517842463,0.6335088807686222,0.5253644873869041,0.0001,63.38,61.55,64.39,60.25,59.73,57.57,60.62,57.83
2024-11-21 08:00:00+00:00,59.067,59.692,60.453,60.891,97073.356,0.48086833450050637,0.5517473132359766,0.5263426103148503,0.0001,64.88,66.14,66.55,63.42,64.28,62.84,63.25,59.92
2024-11-22 08:00:00+00:00,60.732,62.134,60.983,61.624,98958.903,0.34575342533375447,0.49848641458068943,0.5253779903112764,0.0001,68.68,64.62,68.18,63.77,62.13,59.45,62.89,58.58
2024-11-23 08:00:00+00:00,58.393,55.285,60.796,61.241,98575.442,0.4221080748355355,0.48076176579509905,0.5275750501503151,0.0001,62.66,60.77,64.77,61.29,56.67,57.25,60.95,58.65
2024-11-24 08:00:00+00:00,59.268,57.107,61.026,61.743,98145.757,0.22709837319303516,0.47285829905433013,0.5269797699861084,0.00016148,65.9,64.73,67.97,61.85,61.71,62.85,63.26,59.68
2024-11-25 08:00:00+00:00,59.472,57.581,60.883,61.745,98326.236,0.4460690654092069,0.481903505048568,0.5290587844352828,0.0001,70.65,65.9,67.37,59.84,65.19,63.23,62.43,58.3
2024-11-26 08:00:00+00:00,58.904,61.769,59.899,60.588,92952.803,0.5956749987692994,0.45630028108357445,0.5413435349300703,0.00017936,63.94,68.83,65.17,63.38,57.72,61.88,59.0,58.37
2024-11-27 08:00:00+00:00,56.995,55.378,58.471,59.998,93444.666,0.584515011594289,0.46309241981763477,0.5496237742292829,0.00016795,57.33,63.89,61.39,61.94,55.21,58.54,58.35,57.51
2024-11-28 08:00:00+00:00,56.582,54.071,59.715,60.71,95545.537,0.3916798831028186,0.44879741000502726,0.5491832493373903,0.00014326,56.53,60.22,61.9,60.35,52.94,54.75,57.39,55.43
2024-11-29 08:00:00+00:00,54.937,49.468,57.776,59.259,95925.208,0.391764369715296,0.45287308390192776,0.5485178034757627,0.00011747,52.79,56.73,58.82,56.58,49.64,49.47,55.62,53.29
2024-11-30 08:00:00+00:00,53.96,46.736,57.303,58.916,96978.829,0.3587956260472939,0.4457937901445954,0.5484588439052378,0.00015909,51.77,49.12,57.71,53.53,47.98,45.71,55.14,52.86
2024-12-01 08:00:00+00:00,54.523,50.482,57.601,58.953,97179.122,0.245819077036467,0.44718194263176314,0.5430805287606273,0.00019581,55.45,52.51,59.05,54.51,52.7,49.31,58.01,53.14
2024-12-02 08:00:00+00:00,55.767,54.038,58.39,59.186,95246.212,0.33508659604755103,0.4343050439463342,0.536833008049902,0.00024556,57.93,56.9,60.88,57.97,53.85,53.5,57.05,53.9
2024-12-03 08:00:00+00:00,54.239,50.611,57.193,58.521,95433.357,0.46936815033948204,0.404102743799889,0.5389159849625199,0.00024926,56.28,56.4,59.62,55.62,53.08,53.27,55.45,53.22
2024-12-04 08:00:00+00:00,53.047,48.468,57.072,58.421,96815.511,0.4049915560709632,0.3728929580502495,0.5376693677137567,0.00026254,54.64,55.18,58.12,55.66,51.97,50.77,54.25,53.16
2024-12-05 08:00:00+00:00,57.032,60.435,59.033,59.497,102785.074,0.9392302157093008,0.49485876762459585,0.5559127318545362,0.00072446,70.31,65.93,66.03,61.61,64.89,58.9,61.85,56.3
2024-12-06 08:00:00+00:00,54.384,49.668,57.611,58.594,98404.762,0.7522099678395511,0.5542994822355402,0.5460473335400081,0.00014634,55.87,54.18,59.95,57.08,54.05,55.23,56.42,54.64
2024-12-07 08:00:00+00:00,54.599,52.034,57.905,59.131,99639.425,0.5378894562582477,0.5739501947363898,0.5505212211397116,0.00012374,55.74,56.24,61.34,55.29,52.38,51.63,55.1,51.15
2024-12-08 08:00:00+00:00,53.535,52.485,57.705,59.39,99137.97,0.24689348561205457,0.574144959469833,0.5479624448691761,0.00016572,56.72,59.52,58.61,57.12,54.55,54.7,54.63,52.79
2024-12-09 08:00:00+00:00,55.669,56.676,59.318,60.067,98972.066,0.49392699637055637,0.5886991291363611,0.5526939887138544,0.00021032,63.79,61.87,60.66,58.62,58.98,58.2,56.84,55.3
2024-12-10 08:00:00+00:00,55.117,56.348,57.974,59.087,97464.56,0.7507008795457892,0.6282258451299216,0.5627690901496301,0.0001,59.29,63.68,61.48,58.2,56.84,56.02,56.77,54.39
2024-12-11 08:00:00+00:00,57.929,59.194,59.945,60.303,98165.182,0.6478269255520898,0.6554521137048206,0.5639384577898283,0.0001,62.48,63.53,62.08,62.0,59.34,59.24,58.26,56.99
2024-12-12 08:00:00+00:00,56.841,53.147,59.551,60.32,100962.349,0.384737627640151,0.5677767098752999,0.5494979896332637,0.0001,61.49,59.11,60.32,61.0,58.07,55.09,57.97,54.86
2024-12-13 08:00:00+00:00,55.071,51.022,59.206,60.657,100251.965,0.43210399884964174,0.5158620757002486,0.5351134904217663,0.0001,53.56,55.96,57.58,58.7,51.3,50.97,53.2,53.11
2024-12-14 08:00:00+00:00,53.937,47.342,59.421,60.948,101795.628,0.4025654938231048,0.49871978633674907,0.5109667764176468,0.0001,53.8,53.45,62.78,61.42,49.92,48.51,58.72,57.41
2024-12-15 08:00:00+00:00,55.748,53.317,60.123,61.145,101962.721,0.2891412201337794,0.501684438125512,0.49726380736445197,8.194e-05,58.97,60.36,62.08,62.34,57.59,57.21,59.44,58.34
2024-12-16 08:00:00+00:00,57.744,56.438,60.903,61.418,104507.336,0.389179104430934,0.4894802886888696,0.492114376817835,0.0001,59.99,67.04,63.16,64.61,59.32,60.87,60.33,59.31
2024-12-17 08:00:00+00:00,54.391,49.035,59.802,61.109,107467.407,0.47729987364874515,0.4387325908466029,0.496265769471616,0.0001,52.49,54.46,61.04,60.87,51.41,51.26,58.77,57.91
2024-12-18 08:00:00+00:00,55.474,49.775,60.065,61.597,103720.096,0.5480511673189636,0.4251215284969221,0.5022971218170215,9.159e-05,51.63,55.28,61.06,61.56,49.46,51.81,58.72,58.33
2024-12-19 08:00:00+00:00,57.063,48.992,60.609,61.707,101655.717,0.6179236926880763,0.4615394828843588,0.49592555709829284,0.0001,56.34,57.18,63.86,60.9,53.43,53.46,60.59,58.6
2024-12-20 08:00:00+00:00,57.377,56.099,60.401,61.519,95300.564,0.9127583585568415,0.5570089362882923,0.5151446587868926,0.0001,57.64,65.24,63.16,64.1,55.3,59.31,61.09,59.15
2024-12-21 08:00:00+00:00,55.768,49.011,59.861,62.118,98617.2,0.6793279230316298,0.5950057799841078,0.5220780747650845,1.206e-05,51.18,56.03,61.37,59.74,48.51,50.91,58.47,57.63
2024-12-22 08:00:00+00:00,55.433,51.855,58.916,61.501,96522.977,0.3823438962806577,0.6025180540591323,0.5229316018193886,0.0001,55.29,59.62,61.47,62.11,52.84,56.96,58.62,56.46
2024-12-23 08:00:00+00:00,56.793,53.855,59.683,61.588,95346.665,0.5690227748301512,0.6197362458643454,0.5274237681034878,0.0001,58.74,60.14,61.39,63.83,55.64,55.27,58.83,60.42
2024-12-24 08:00:00+00:00,57.286,51.605,60.519,61.917,94315.627,0.561445003777853,0.626076035538995,0.535398796562438,0.0001,56.42,61.24,62.09,63.39,53.85,57.71,59.48,59.64
2024-12-25 08:00:00+00:00,56.398,51.153,59.631,61.164,97887.999,0.6008893719298899,0.6362977746553937,0.5408912680723819,0.0001,56.82,59.56,62.02,61.98,53.49,53.71,59.75,59.07
2024-12-26 08:00:00+00:00,56.893,52.224,59.237,61.226,96014.624,0.47884922399244706,0.6195385808986518,0.5358325546368287,7.453e-05,56.42,58.58,61.93,63.09,52.08,54.5,59.36,58.7
2024-12-27 08:00:00+00:00,58.081,53.781,61.269,62.159,95705.852,0.45486234585490837,0.5380587794225281,0.531794128686944,0.0001,55.16,57.23,63.38,61.99,53.74,54.27,59.72,58.85
2024-12-28 08:00:00+00:00,57.047,50.241,60.504,61.388,94336.006,0.3951251967445244,0.4947102969792921,0.5317454274966985,7.639e-05,52.77,57.0,62.56,60.72,49.54,52.09,59.82,58.85
2024-12-29 08:00:00+00:00,57.357,50.89,60.406,61.518,94954.651,0.15667060290074755,0.4770775145208397,0.5278668956698003,0.0001,54.08,54.21,63.88,60.29,51.93,51.52,60.34,57.06
2024-12-30 08:00:00+00:00,56.524,51.472,59.753,61.32,93727.591,0.2660995726455471,0.43908431552798555,0.5261158344270879,8.791e-05,56.03,55.72,63.4,60.08,54.02,54.67,59.87,57.49
2024-12-31 08:00:00+00:00,58.134,54.09,60.62,61.591,93970.558,0.7884031734489929,0.4845945497177557,0.5429091568284227,,57.07,59.31,63.28,61.62,54.7,55.55,60.18,58.69
